"Y","x1","x2","x3","x4","x5","x6","x7","x8","x9","x10","x11","x12","x13","x14","x15","x16"
2.79547255493153,0,0,0,"low","A","B",2.05974574899301,6.77442311015296,10.1689955081632,1,1.50825294898823,4,7,8.97863549391811,11.7505777992614,4.93830243125558
6.36642708076443,1,1,1,"high","A","C",1.76556752528995,13.0000864111417,11.5281082200217,6,2.26939673302695,4,7,6.48625409673068,8.45992346141572,2.91815681150183
2.45236444072547,0,1,1,"moderate","B","A",6.87022846657783,8.13619991560953,3.7063511206471,10,7.45116808917373,8,4,7.51175569709456,7.56234363421725,9.60031080758199
8.43686238884441,0,0,1,"moderate","B","D",3.84103718213737,5.84671945784653,6.986914061652,7,0.50592377781868,7,6,10.6876361254151,5.11204028345631,6.29487839993089
6.98743572476497,1,0,1,"moderate","A","C",7.69841419998556,15.6078718672707,11.6073151667578,7,5.93993296846747,4,4,7.55502124515179,11.7067171195353,7.59347913088277
7.51671025071034,1,1,0,"low","A","B",4.97699242085218,11.2753011321173,8.64088874605025,4,1.53250648407266,3,4,7.01966345615966,11.0013499201149,2.25582466460764
0.0817231757021155,0,0,1,"high","D","D",7.17618508264422,9.2840586972609,16.4961055054518,7,7.62780725024641,9,7,6.08149462297247,9.36603232189316,9.30699282558635
1.62119292439266,0,1,0,"low","D","D",9.91906094830483,13.1754491461271,13.7372400182443,4,9.95281064882874,7,6,5.69733468547637,8.34670620880228,8.7801841692999
5.36893661342765,0,1,1,"moderate","C","B",3.80035179434344,12.6592679541248,11.7864941022088,3,1.73998110694811,4,8,7.41145620028999,10.7750833868234,9.11954281385988
3.8374426957707,1,0,1,"high","A","A",7.77445221319795,8.14227085530656,10.0146533486146,4,6.19130822597072,7,5,15.1113976114425,5.87436866076701,3.90361216617748
0.329438065452991,0,0,1,"high","D","B",9.34705231105909,16.6183073936214,10.8380823461658,5,5.37983173970133,1,2,8.03310221057808,5.5817375526919,3.70715910103172
7.46696080487688,0,0,1,"low","B","A",2.12142521282658,9.23491890957695,7.88228162419712,7,8.18258262239397,3,6,6.66049412312215,5.6643709814624,2.92225106153637
-1.79914803924901,0,0,0,"moderate","C","A",6.51673766085878,5.72651604936157,11.8840514588718,6,3.21746907196939,8,8,5.78348366089491,8.91613472613649,6.41883824951947
-2.4078992247962,0,0,1,"low","C","B",1.25555095961317,9.56680119413734,14.4406418802571,10,5.82326936768368,2,6,9.54806893963707,12.3721298941919,3.89997333055362
11.2548349950456,1,0,1,"moderate","C","D",2.67220668727532,10.622615017697,13.2502897302499,2,0.709323794580996,8,5,8.81797926271367,12.143973538972,0.338000932242721
9.45626319068596,1,0,1,"moderate","C","D",3.86114092543721,16.9239351971781,7.56026723000773,7,5.70644013117999,6,5,10.7562079592436,8.30453944810596,5.8398018614389
-1.57962160882074,0,0,1,"high","C","A",0.133903331588954,10.3174071036811,5.14336945232924,5,5.6067725061439,3,4,9.15188068680412,14.2540429102874,8.14279590034857
12.3885290498578,1,1,1,"low","D","B",3.82387957070023,11.3709964162702,9.67103290153528,7,4.34170939493924,1,5,12.6030028376025,6.56272965703,5.72280898224562
5.60388285007824,1,0,0,"low","A","D",8.6969084572047,9.76854119393041,11.3226681127509,5,9.6194878523238,2,8,12.160273363863,8.52154653114287,2.36031974665821
3.29972097212722,0,1,1,"moderate","D","B",3.4034899668768,8.99799747290037,14.0529819394258,9,7.11271684383973,7,4,13.1682088042256,7.80084317903203,1.13631349755451
12.7555310434714,0,1,1,"low","A","D",4.82080115471035,9.89582191506617,6.04417154639931,9,2.58469532011077,1,7,10.7305061811352,10.4776962410636,8.26521859038621
11.6009941830031,0,1,1,"low","A","A",5.99565825425088,12.3629188168905,11.0931537778223,4,9.2567753768526,7,6,13.3430879862139,4.74642112234157,9.39973018830642
4.85939736315098,0,0,0,"high","B","A",4.93541307048872,16.2257350259569,10.7004995052656,6,4.20811663148925,4,8,9.77034185882535,13.5544926011573,0.306616220623255
0.0934092594507492,0,0,0,"low","B","C",1.86217601411045,13.0821773162913,13.5818657837772,2,8.16300745587796,7,4,12.7987751618511,13.6210948030623,0.411253825295717
6.31052565584917,0,0,0,"low","C","B",8.27373318606988,13.6237251951601,9.91627008361127,8,7.54665047628805,1,4,9.52605478399255,12.9329479795915,8.74309754930437
5.89469089761721,1,0,1,"low","B","A",6.68466738192365,6.30602973532587,8.92810343648724,3,4.12143304478377,4,8,7.95547145559218,9.75402476787042,3.52220267057419
4.89648344495899,1,0,1,"high","C","D",7.9423986072652,12.9516867101601,6.5595575916449,5,5.14416832011193,3,7,6.33969672572459,13.4687902677937,3.07485260767862
-0.48595926284693,1,1,1,"high","B","B",1.07943625887856,10.659774410982,8.44773854921913,5,5.42284718481824,9,5,7.8732610251269,11.4603890102575,8.7118188617751
-1.36972973392223,0,0,0,"moderate","D","D",7.23710946040228,5.59824991272327,8.91362868226518,3,9.74024304188788,5,6,7.75396120647566,12.8765459883852,9.23051160294563
11.0396397347457,1,1,1,"moderate","C","A",4.11274429643527,11.5630682279444,17.0516629773673,5,0.73637954890728,5,8,11.72823257844,10.5333771135663,4.90252809599042
-0.183678521516203,0,0,1,"high","A","D",8.20946294115856,9.52373618585195,17.3395941270999,4,7.6950380532071,7,4,9.84370160820711,10.8767526431022,4.92284960579127
8.2745802467688,0,0,1,"low","C","C",6.47060193819925,14.3937619359094,9.49989016154717,0,8.72554909205064,3,4,8.10898847921357,3.65997794603991,1.85023497324437
2.07553142822821,0,0,1,"moderate","B","B",7.8293276228942,7.70175400118601,6.86899768281434,2,9.89865584531799,3,9,7.30499180346776,8.38585626753673,2.61712845647708
8.83807323449064,0,0,1,"low","D","C",5.53036311641335,8.70936473821436,4.08119519777598,8,9.65147644048557,4,4,14.5380576265518,13.0420767542595,3.48247224697843
-1.64656417369228,0,0,1,"high","C","A",5.29719580197707,7.22167150786769,11.5440149003141,7,6.36421318631619,5,5,9.28975212173618,10.3038089244216,6.90853481413797
3.99347657899651,0,0,0,"low","A","C",7.89356231689453,9.46868811569038,6.72827924879543,4,0.653892939444631,2,7,6.25358973521081,6.34387788535575,1.40372309833765
0.170092638904816,1,1,1,"low","B","B",0.23331202333793,11.206035338459,16.8539779766331,8,1.28414754988626,5,5,8.70997199084344,7.12486962162654,4.76776043185964
8.56848703496114,0,1,0,"low","C","C",4.77230065036565,7.80475548064118,7.34314728202612,5,4.92784780450165,2,8,10.2798983094031,8.33260754618205,8.32619810011238
5.03805961753612,0,0,0,"high","C","B",7.323137386702,12.491119503945,10.3333192892372,5,6.63244860246778,9,6,12.4991232661314,16.3656277349299,2.65586382243782
-2.7825375364494,0,0,1,"high","C","B",6.92731556482613,6.37575164108661,21.430830042132,6,1.89378713723272,5,3,9.74520256564338,9.46123003731715,7.75234733475372
4.34697145798517,0,1,0,"high","B","A",4.77619622135535,6.85604676157678,6.67327000617024,3,1.77598393289372,3,6,10.3355591170368,8.06579377527178,1.85494924196973
2.70839603573329,1,0,1,"low","D","A",8.612094768323,14.3234731205328,10.9226998732644,2,1.15560325561091,5,7,6.88169217145308,3.72224868473038,3.90233527868986
6.91140721728822,0,1,0,"moderate","C","D",4.38097107224166,6.95245760408605,6.67931658332451,7,1.56952400226146,2,3,12.3892684405628,4.29438748690343,9.92025062208995
3.57217861268601,0,0,1,"high","C","A",2.44797277031466,11.2359241369525,11.0429609464659,3,8.574108495377,3,7,10.2997101284739,13.6667508289648,1.46795924985781
0.128292744746058,0,1,0,"low","D","B",0.706790471449494,8.85677184667324,7.38020639481387,5,4.2486053169705,1,5,12.2108792595724,7.44633867585953,1.71145766507834
1.55568341614205,0,0,1,"low","D","B",0.994661601725966,11.2282055189528,10.2319093682108,7,8.78341671079397,4,4,14.6406440032488,14.8636086488727,1.32664274657145
5.276231952201,0,1,1,"moderate","D","B",3.1627170718275,15.0666198586121,9.10939407353014,4,8.24826563941315,6,12,10.5367629155901,9.01269159410645,7.1197082917206
8.99290910931278,0,0,0,"high","D","D",5.18634263193235,14.7597653003259,6.45027327870199,10,9.78819616837427,4,6,9.15236022507029,3.02077141767968,9.11851749988273
7.46163974528194,0,1,0,"low","B","C",6.62005076417699,9.0072765979517,10.0338780652717,8,6.34543015854433,5,5,7.69810366427473,16.5789939986095,4.16281843557954
8.34937696209533,1,1,0,"high","C","C",4.06830187188461,3.1442933941226,12.9748031081781,6,6.91523276036605,4,3,8.27078727927063,6.75256007080922,7.84835475031286
-4.30119725058642,0,0,1,"high","C","B",9.12875924259424,17.4929847695025,14.7819023617112,3,7.92183339362964,7,4,7.25543247999771,8.48091709791981,1.54373486759141
3.58903238919315,0,0,1,"high","B","A",2.93603372760117,12.0011985002965,5.88186618721249,7,0.341706455219537,9,4,11.1097328838621,10.2877568704991,0.122919178102165
11.0076300143486,1,1,0,"moderate","D","A",4.59065726259723,11.6239820078911,9.25116720087304,8,8.19993681041524,5,7,5.59694691009493,9.63950422617531,0.822354448027909
5.58581719293334,1,1,1,"high","C","C",3.32394674187526,9.95980143056227,13.4782735805667,2,6.87636162620038,4,4,4.76391406477575,5.44399711097632,5.19093003123999
12.8195126674601,1,1,1,"high","D","B",6.5087046707049,11.5303252688588,6.65733295646921,3,4.31776891928166,6,6,7.99785458823562,5.46824481147115,0.68292502546683
13.4062996780238,1,0,1,"high","C","B",2.58016780717298,9.506872504691,2.41449793344883,7,2.43875786894932,6,3,13.2528370194462,14.1868147846909,8.10592334251851
5.30203523852741,0,0,1,"moderate","D","C",4.78545248275623,11.2620839297635,7.19229232446006,6,0.0814770301803946,5,4,10.3684949242965,7.87473416776012,0.798554408829659
2.29867214372879,0,0,1,"low","B","A",7.66310670645908,8.79925976806707,7.0982816261933,8,4.21106143388897,4,8,8.5172518157407,12.48381505933,1.54718979028985
-2.53867404474709,0,0,1,"high","D","C",0.842469143681228,5.88937636735762,10.1424657769834,7,7.86956907948479,5,3,12.0087645517435,15.1232675116407,0.672961501404643
-1.75327644033161,0,0,1,"moderate","A","D",8.75321330036968,12.9635148023646,8.7887896195059,4,5.95592122757807,3,5,8.94556343999522,7.66250032938528,4.37049824511632
16.2700040771132,1,1,1,"moderate","B","B",3.39072937844321,14.5592350764986,10.6944883847339,2,9.84963058726862,4,7,9.65505879735676,7.87930279398405,7.53689459292218
-0.87039965802716,0,0,1,"moderate","C","B",8.39440350187942,9.07377829232316,8.73288277621976,5,5.28043455909938,3,4,10.218960825404,4.02129246845392,0.121625945903361
9.04107424900992,1,1,0,"low","A","D",3.4668348915875,6.24013073317693,11.1223551840859,6,5.23278417764232,8,5,13.2663238376589,15.6996295987328,4.06420856714249
9.07710122186505,0,1,1,"low","A","A",3.33774930797517,11.9267239170335,8.90198267500896,7,7.86444804864004,5,2,13.8777062153972,7.73137919238201,4.1165281063877
7.75327786365361,1,1,1,"low","D","D",4.76351245073602,9.86587258931806,13.5703043395632,5,0.877224092837423,4,6,13.8475338822972,8.86613266082733,9.77203529328108
0.0436186623782622,0,1,1,"low","D","D",8.92198335845023,4.80034477952548,7.78801742422831,10,2.56111980648711,4,5,12.937168354884,5.90813559554278,2.2140681813471
-2.03947051380108,1,1,1,"low","B","B",8.64339470630512,10.0063955790408,10.8719999363178,6,3.5660412022844,6,4,10.9884093502873,12.2258744779228,7.36711106961593
12.9507644201633,0,0,1,"low","A","A",3.89989543473348,8.10909899821556,7.34545129514663,3,2.4905545799993,5,3,15.6389071532005,14.8329279880415,8.23753194883466
5.71747041225035,0,1,1,"low","C","D",7.77320698834956,8.97709426041878,10.6240194366125,3,1.75018487730995,5,2,16.1286970931541,10.682162340686,9.50343935750425
-0.0328618443307462,0,1,1,"high","C","D",9.60617997217923,6.53028291209244,9.85680948256442,7,5.72922080755234,6,4,13.9857291178604,8.79845297824792,0.985238691791892
11.3377698336388,1,1,1,"low","D","C",4.34659484773874,15.4094257237524,4.94643806158422,5,4.83393148286268,9,5,9.34099406879028,4.99125880107081,6.92418950377032
4.68175748654411,1,1,1,"high","A","C",7.12514678714797,9.00660389082634,9.56732033014315,8,8.09948969166726,7,4,6.87985770534609,14.4721032919063,2.8422638704069
8.71194550911627,1,0,0,"moderate","D","B",3.99994368897751,5.18345976324077,13.5406409965079,8,7.5051523395814,6,11,10.5788493481274,12.0744622995952,8.01075034309179
6.07105097508486,1,1,1,"moderate","A","A",3.25352151878178,10.5915803162184,12.0441997695985,7,3.47443797625601,3,2,8.33429124436227,9.87706757000561,8.31794714787975
2.55598345070158,0,0,1,"low","B","A",7.57087148027495,10.7895269392164,10.4297428926627,5,8.06874484289438,4,2,10.8249726695541,13.6130345580352,6.79838558426127
2.41963049481169,0,1,1,"moderate","C","B",2.02692255144939,7.04251989877213,6.42305066886125,5,2.5176422810182,8,6,8.34845978474215,13.895544890711,4.16039432166144
0.907560837342871,0,0,1,"low","D","B",7.11121222469956,1.33323798496136,13.5076859583673,7,5.92963553965092,5,3,12.7637796792805,8.61334893772025,3.43821749091148
-1.88215549796394,0,1,1,"moderate","D","C",1.21691921027377,8.07855489230466,10.2376051268361,4,1.56215733382851,1,5,16.5683679771173,6.32267875653345,2.96874676598236
7.66133239282271,1,0,1,"low","C","C",2.45488513959572,11.7115229077615,8.64467874169397,4,1.75159651553258,5,2,12.8919843702474,12.8898002623173,8.22133605368435
3.11632252799866,1,0,0,"high","B","B",1.4330437942408,9.82083017187217,14.9260846384023,5,2.26377300918102,1,6,12.225455428818,12.0796336838826,5.00879856059328
5.4939599727048,1,1,0,"high","A","C",2.39629415096715,9.7054637679843,7.69122303520145,3,7.91963252006099,1,4,10.1120696948784,8.49582050222158,4.96786301257089
2.05287635775407,1,1,0,"low","D","B",0.589343772735447,11.6824621858603,10.9100828822735,7,3.88376479735598,8,3,16.5425010587042,19.4619142509511,3.64361931569874
3.19907154285396,0,0,1,"high","C","C",6.42288258532062,6.44062408426158,13.8452122635505,5,9.11222032504156,9,8,9.7612443894776,2.35267931494918,8.49381481064484
-1.55300419136308,0,0,0,"low","C","C",8.76269212691113,13.2903311328227,11.8066683855113,3,1.218470511958,8,1,14.1288850864708,9.97558574551274,3.13532576197758
7.54856974188696,1,0,1,"high","B","A",7.78914677444845,9.9839679151655,9.07893320638949,2,9.87835156964138,7,4,14.7259500303721,13.4163419229139,2.12108394829556
6.28049862771759,1,0,1,"moderate","D","D",7.9730882588774,12.1219320021942,8.74474568973208,2,7.5528792059049,2,10,10.4811309352238,14.4470394038392,5.85793458623812
7.63342168110518,0,1,1,"moderate","D","D",4.55274453619495,13.1023232042124,11.0654065901383,0,3.10775833902881,3,4,0.240339781291205,12.9275350268915,8.42366850702092
3.09521715210826,0,1,0,"moderate","C","C",4.10084082046524,10.6704412447459,11.5404433437987,3,0.198653580155224,6,8,9.01020853805889,10.4450508798497,1.25383907929063
4.50442365542294,1,0,1,"moderate","B","A",8.10870242770761,7.36387716140194,10.0558222009862,8,6.82283061323687,6,2,11.3712694769878,12.3667262719232,3.77530383877456
9.99019580449632,1,1,1,"low","B","D",6.04933290276676,13.488893667902,13.95534691677,2,4.38736066687852,2,4,6.08768872769686,11.6727436591231,6.71603712253273
-1.6095541611007,0,1,1,"moderate","C","C",6.54723928077146,3.99950516564357,9.80250400048554,3,8.83700705366209,5,5,6.12647968346434,9.91781682087128,1.87768460484222
11.9513079087569,0,0,1,"low","A","A",3.53197271935642,8.36562777999483,7.89911176504689,2,0.742437855806202,9,2,12.7191391950062,7.36877512359927,5.04759023664519
11.023483285009,0,0,0,"low","D","C",2.70260145887733,9.23298787252903,11.611978394564,1,4.5366955595091,3,7,1.61211551436632,13.6487304121852,0.272868473548442
1.24685010663221,1,0,1,"moderate","A","A",9.9268406117335,9.50163688970498,3.39465303293825,8,8.88036270625889,5,4,10.7006817139609,8.94625056317523,4.96297850972041
13.5557948159223,1,0,1,"low","C","D",6.33493264438584,13.0613917263523,11.1759212313952,7,7.00159241678193,8,11,9.19289218405252,9.11682064787938,9.47351710870862
2.64793285093484,0,1,1,"moderate","A","A",2.13208135217428,10.4086656793083,11.4908828572712,3,3.04615611210465,5,5,8.02436483494857,10.7594134283769,3.81182133918628
-3.95196417826124,0,0,1,"high","A","D",1.29372348077595,11.2215028102715,9.32537585371029,5,5.84890802390873,4,8,10.1900373792117,10.0344939574794,6.9821372628212
4.89403521348106,0,1,1,"high","B","A",4.78118034312502,9.79103556096129,6.64857050400435,4,8.70453770039603,4,1,10.163430517195,4.07264811332481,6.88765808474272
-2.50971210086041,0,0,0,"low","C","A",9.24074469832703,9.25700697514201,8.81501619005837,4,4.4652355927974,5,3,10.7410279703099,8.72101982841529,4.77730676764622
7.84400327202808,1,0,1,"moderate","B","C",5.9876096714288,12.0866524198589,14.6494910267089,3,3.3737303968519,2,4,10.3721066437173,11.8369076803305,2.73347614100203
-1.95724381966059,1,1,1,"high","C","B",9.76170694921166,13.4386850716474,7.769456560604,4,5.66908608656377,6,4,8.39422990117718,13.6924423265071,7.56916332291439
2.78092407863433,1,1,1,"moderate","B","B",7.31792511884123,2.79071135532438,3.00486364681128,6,4.15764981647953,7,5,10.7754477741579,6.18757657591095,2.4753206060268
6.55398816059276,0,0,1,"low","B","D",3.56726912083104,11.7182186657375,12.4367363266276,4,8.3266066480428,3,6,14.1631266038727,8.04833300948921,5.21339483326301
10.3714207633308,1,1,1,"low","C","D",4.31473690550774,11.124173220336,8.49606802839595,6,1.53707588091493,5,9,12.001511338899,2.67050128844391,6.12843240844086
2.39767756046558,1,1,1,"low","C","D",1.48211560677737,8.72419683533177,8.46734030214293,7,6.58649043180048,3,5,14.4911483562421,12.9896457835554,0.950499763712287
3.15569702250546,0,0,1,"high","C","D",0.130775754805654,12.8530384227304,6.35390787653497,8,0.0102681899443269,6,3,9.17535878966888,10.015340585227,5.65758763812482
8.79124628658427,0,0,0,"low","D","A",7.15566066093743,8.83228845484486,9.93232411495833,7,3.20450928527862,5,5,11.7492275301122,12.3730742915132,0.168741615489125
0.0177828136457046,0,0,1,"moderate","A","D",1.03184235747904,9.14700801460128,12.1037179012891,4,9.50132880592719,3,11,11.5100755788455,8.31042538962657,1.99878882383928
6.98721090138645,0,0,0,"high","D","D",4.46284348610789,12.5722293342394,8.2375539232306,2,0.125525095500052,6,2,7.77025695407425,10.6414786080967,4.17583800852299
9.65049045904365,0,0,1,"high","A","B",6.40101045137271,15.1588818973618,8.17981617574363,8,0.790907654445618,4,8,7.54936724363842,12.9312479923067,2.05506088444963
-9.14381922418763,0,0,1,"high","C","B",9.91838620044291,10.8101647028117,13.2899206450009,6,2.13288370519876,5,4,15.6108510431859,9.29751669209254,3.77221406903118
7.90101832127484,0,0,1,"low","B","C",4.95593577856198,8.73344797063708,9.25747096875911,5,9.94843258988112,5,5,7.51824086786121,12.5459816618643,0.764517178758979
7.45701781078073,0,1,1,"high","A","C",4.84349524369463,6.43266011542124,9.52029486003026,7,4.9203958758153,6,3,12.8521380807528,11.961912671696,1.44973995629698
-0.810663909041902,0,0,0,"moderate","D","D",1.73442334868014,9.00690106336297,8.12266524779478,2,6.27634118078277,1,4,9.2014829468179,5.22828992117837,5.53591954056174
4.12206792833834,1,0,1,"low","D","B",7.54820944508538,7.18051202046994,12.7013039068007,6,0.0596133503131568,6,3,6.70275345491019,10.9282693987417,6.61742560798302
8.39284229205489,1,0,1,"low","C","C",4.53895489219576,9.22320225064365,7.01741911220132,8,2.85853998735547,3,6,5.39734737077917,2.54205343034319,7.35647504450753
8.98089125245862,1,0,1,"high","A","C",5.11169783771038,11.1831375046647,12.5477511576411,1,9.86480417195708,6,3,6.38107042109825,9.16468267811166,3.76209417590871
4.27698851917977,1,0,0,"high","B","A",2.07545113284141,7.44442872392841,12.4171068669293,9,7.57692324928939,3,8,4.14992418142206,8.34269872199938,8.68757152697071
8.55449437772213,0,1,1,"low","A","B",2.28658142732456,17.9475006432846,8.59719719202634,4,0.682749908883125,2,4,7.34787991110455,12.6281262183708,7.95470046577975
2.49547979819015,0,0,0,"high","B","C",5.95711996313184,10.4680350269952,12.54526094117,7,8.10763978632167,6,8,12.9202179556048,10.8804510833245,8.21803021943197
8.00423270670808,1,0,1,"moderate","D","A",5.7487219828181,13.3906218023648,12.9603095907881,10,1.22871407074854,6,5,8.25708605249357,8.20833385938431,9.01695312466472
2.98249805957139,1,1,1,"low","B","D",0.770643802825361,3.13262806047968,11.7268608655581,4,4.09918360644951,3,5,15.2103021445361,9.52838919007734,9.82507341308519
1.09096205518897,1,1,1,"moderate","B","D",0.355405795853585,12.2230034715863,16.0745261362545,7,9.27543645258993,3,6,9.48197404554035,10.5525551808351,2.6595108048059
5.80709166263418,0,1,1,"low","B","C",6.42795492196456,6.05126451864531,4.11294042632488,2,5.54208239307627,3,3,7.18602240475281,6.96090395710362,7.87098370492458
1.10363687762138,1,0,1,"low","B","D",9.28615199634805,12.7594110328274,6.50523720808724,2,0.142666143365204,4,4,9.14621902062085,7.96046978578051,1.90747030079365
8.47492786862473,0,0,1,"high","C","C",5.98092422354966,11.1943904663559,5.8704423588075,5,9.67365281190723,6,7,8.23294569499911,6.27191915650073,0.0374910165555775
8.75714814488312,1,1,0,"low","D","B",5.60900748008862,8.77741426219068,10.5030398034093,2,7.70065532531589,5,3,8.66820572191327,5.39494379056213,5.56995858903974
2.3889955847977,0,1,1,"high","A","B",5.26027723914012,13.9727758905318,14.7538872374791,2,0.799524132162333,3,7,10.1799897204077,8.42637996066877,4.09749276237562
-3.6221083260163,1,0,1,"low","C","A",9.85095223877579,7.89630499225924,15.0336668589287,6,3.65419848356396,2,9,10.2466988465956,9.94441784362548,9.22948800260201
2.26559580587103,0,0,1,"moderate","C","D",5.07641822332516,8.25815708727839,11.4648900951849,1,4.80426545254886,7,4,12.2751925710615,5.29555848652309,5.21063483785838
0.0732713987537,0,0,0,"moderate","A","D",6.82788078673184,6.99678345692374,12.636019787681,4,6.75760691985488,5,7,11.61898897271,11.4035550225862,0.41392597835511
1.54221138131768,0,0,0,"high","A","C",6.01541217649356,7.99546417973982,9.56537537791036,6,7.86447250749916,2,3,12.3299429395975,7.99651340805564,5.65851251361892
8.8911512018357,0,0,0,"low","B","A",2.38868677755818,12.8355548601192,11.4069152802226,7,8.10058057308197,4,6,10.3965149940233,10.9332470787626,2.01182579621673
-2.41913033557155,0,1,1,"moderate","B","A",2.58165926672518,11.3011064486355,11.1287064313885,4,0.78677503624931,4,5,7.57940410062778,10.4276530125056,4.347148318775
7.89277598428244,1,0,0,"low","A","D",7.29309623362496,13.0154776530311,7.71687917483056,5,1.68914441019297,3,9,11.3480502573598,8.87789583780756,2.3707205359824
4.72265912597842,0,0,1,"low","D","B",4.52570831403136,8.82964400783896,9.12011519874741,4,0.367327940184623,3,6,11.2379243704995,4.16522087189272,9.86860311124474
0.0779554695934397,0,0,0,"moderate","D","C",1.75126768415794,11.1291108753239,9.59547620677745,5,2.40142308874056,4,3,8.78915785266404,5.20695605778884,6.46103182574734
4.98346299647911,0,0,0,"low","C","D",7.46698269620538,10.7324947734595,14.1815374485191,3,9.12195181939751,4,4,8.83573516756774,2.37802641706252,7.82384756021202
-4.0643906663878,0,0,0,"moderate","A","A",1.04987640399486,5.72122797285239,6.88903393090512,5,0.0136347976513207,8,10,13.2855632435209,14.0861417486229,9.91421550279483
1.37009582584679,0,1,0,"high","D","B",8.64544949028641,15.3352878624264,3.65699455658902,8,2.27300448110327,7,3,14.0214401291594,8.9180019899445,8.17141162231565
-2.83217072166924,0,0,1,"moderate","A","A",6.14644971676171,10.403342982801,12.3048346546132,5,1.68262931751087,2,8,10.3432166400269,15.8091919325923,3.213550534565
13.2080277844255,0,0,1,"low","C","D",5.57159538846463,12.2967969974736,7.55151813773954,2,1.49762514978647,6,3,8.82320613915514,5.63234860740563,0.980055881664157
3.92788939196331,1,0,1,"moderate","D","D",3.28777319053188,12.8654100307269,8.69167923051828,2,6.48097161203623,4,6,14.9570735295926,14.4457171248918,3.34871634608135
8.55395561782093,1,1,1,"low","C","C",4.53131445450708,9.84830289567319,12.7141150938484,4,4.85572549281642,3,7,6.26890717367617,13.2283589081437,0.188533239997923
6.13735806119803,1,1,1,"low","D","A",5.00440972624347,9.08255374069909,7.71074120635505,11,6.93244319409132,0,6,7.26422238766132,7.72753479590208,0.442751238588244
3.67344902772935,0,1,1,"low","B","B",1.80866361130029,12.6810211072765,8.97679906108659,6,2.89669456658885,1,6,12.5501304156818,12.1422566332973,7.77206290513277
14.3004511003883,1,0,1,"high","A","C",5.29630602803081,6.85810555281611,14.5072736027038,2,9.78671659715474,3,5,7.22406101470225,11.7441538876987,1.48822394898161
3.00837986088612,1,1,0,"moderate","C","B",0.752757457084954,15.9140121586725,11.5849231369492,5,2.88126329425722,3,6,12.6807436433236,9.5598282927219,0.384751376695931
-2.21824498596102,0,1,1,"high","C","C",2.77755932649598,8.84910368113491,11.6265740663929,5,5.25764521211386,4,5,7.17697078656438,14.5209453323539,7.78974670916796
1.78416644797668,0,1,0,"low","C","D",2.12699519237503,14.962435906825,9.58997993284637,4,0.778222696390003,8,3,11.6168562823047,9.16140207026447,0.181956617161632
9.56058551505852,1,0,1,"high","B","D",2.84790480975062,14.5366380818519,6.5897984400918,4,6.78553835256025,9,2,9.45407680568399,16.0832161998961,2.28039027424529
2.38901276782617,0,1,0,"low","C","B",8.95094102947041,10.2488972007577,5.51011853693262,5,1.81949716527015,5,4,12.6753027848954,6.41277941251227,8.5104761319235
8.99907698709689,1,1,1,"low","D","B",4.462353233248,11.7016627445545,9.32984306933021,9,5.29804455116391,3,7,13.9876246157047,13.9369536750214,3.13316456740722
1.17033752236199,0,0,1,"low","B","B",7.79984889784828,6.92635456139662,16.0051576833186,4,8.01678828895092,3,3,9.68960162438057,8.42797746168665,7.66042092582211
-1.57620969075951,1,0,1,"high","B","D",8.80619034869596,10.9690195090673,10.6651114486409,7,3.13187195919454,3,10,11.845193832167,11.0627485274239,3.62029435578734
1.32556225129734,0,1,0,"high","D","D",4.13124209502712,13.1308373750685,10.4931187277392,9,6.91273411735892,5,7,4.6006828139914,9.78497653695252,1.91251891199499
5.60771918178871,0,0,1,"low","A","D",0.638084805104882,10.2972354606916,10.99787082655,4,7.73044522618875,2,10,9.21188457507097,9.60056708114492,4.75161754759029
1.97681319442439,0,0,0,"high","A","C",3.35487491684034,8.63758927253692,8.84437600272571,5,2.61793632525951,7,1,6.36957436936474,9.73576784689209,2.47648052871227
1.82856258672863,0,0,0,"low","D","C",7.23725946620107,8.03265444264868,5.80373792032632,5,6.78760153008625,5,5,10.6134317576526,12.7533667939319,9.47342508705333
5.63876369600691,0,1,0,"moderate","C","C",3.37615333497524,9.89223273213247,18.0272223875555,3,9.92143295938149,10,4,9.95801768646427,10.0943177931093,2.07135492935777
10.116546878961,1,1,1,"low","D","C",6.30414122482762,13.2074843820304,8.72894173395405,8,5.51487519871444,8,5,9.29439748054334,14.0767917463836,8.93656602827832
-2.00361114874754,0,0,0,"high","A","A",8.40614554006606,8.54807520909617,9.10419546420081,8,9.30684473598376,6,4,9.43504403728614,10.3404845352976,9.60227616596967
6.6399650999255,0,0,1,"low","B","C",8.56131664710119,9.63696966601767,4.62297481944107,11,2.0740434480831,2,5,12.8538492065215,10.5229196390203,9.77709686849266
10.0301247514035,1,1,1,"moderate","C","A",3.9135928102769,6.11757998853748,9.25597532479571,2,2.29959039483219,3,3,9.53795564207952,9.83955878594544,0.677777484524995
7.68147644047543,1,1,1,"high","A","C",3.80493885604665,11.4829385080446,9.25808824487618,6,4.8398658935912,4,8,15.5627335142556,8.72572589787054,0.318395830690861
9.05221703706093,1,1,1,"low","D","D",8.95445425994694,13.9237045603424,9.23346886442096,6,4.61059393826872,11,11,4.28749793683154,10.6237346562998,4.44838377181441
7.86210797799164,1,0,1,"low","C","C",6.44315762910992,14.4911230282083,4.6391856997223,3,7.82721356954426,8,8,11.0778991057014,12.9787687533674,3.21784554049373
-5.24911800461287,0,0,0,"high","A","C",7.41078648716211,12.4441081926921,15.3539884480743,8,0.00605266075581312,5,11,16.3436048386291,12.4415736653539,7.23255394492298
5.44903657033482,1,1,1,"moderate","A","A",6.05303446529433,4.39063362939216,15.2907590432376,3,7.50623380066827,3,6,6.59275303947051,12.9880167515005,8.5154989361763
-3.21296209648804,0,1,1,"high","D","C",9.03081611497328,11.4460885123713,12.0688006658023,2,8.30732437549159,8,4,7.61123204264698,15.198232812759,4.86613508546725
15.2921771751406,0,0,1,"low","C","D",2.93730155099183,11.3684068099036,6.69777806672823,10,3.14671236323193,6,8,8.80729164954774,11.0711261032952,3.80625841207802
5.93248183503557,0,1,0,"low","A","A",1.9126010988839,8.93979914251027,12.1435280706934,6,7.12033160030842,8,6,10.2751721246367,10.4671790037464,4.17846131604165
-0.550319231457355,0,1,1,"moderate","C","C",8.86450943304226,10.5114684128439,9.26058904919794,1,2.5171154923737,6,5,9.28391777759417,14.6583659687874,6.24788137851283
8.24158378912157,1,0,0,"moderate","B","A",5.03339485730976,7.40789213761929,9.04064150221839,7,3.09347498230636,1,6,8.61411290890184,9.80779114646342,4.24331603571773
-5.05206768994291,0,0,1,"high","C","C",8.77057543024421,12.037692322047,14.0879328788641,13,6.95954847149551,2,6,15.7790218220488,6.97534372550895,2.58250310318545
2.34855111355152,0,1,1,"moderate","C","B",1.89193622441962,9.01869695604069,6.31635223005196,8,4.23095647012815,9,6,10.3661644444679,7.32131342902888,9.5841662120074
5.89408152252282,1,0,1,"high","C","A",7.58103052387014,5.29275344456814,8.46634230174858,4,8.52890213020146,8,8,13.2761517295189,8.03645613633956,0.308180670253932
12.7093235951009,1,1,1,"high","B","C",7.24498892668635,8.89764773148856,7.80641500280511,9,5.34399916650727,5,6,1.08322757365776,5.69865151443639,2.57467290386558
4.01151857095533,0,0,1,"low","D","A",9.43724818294868,14.0933047872095,10.0592560206304,4,5.4817751632072,7,15,13.3854671528958,14.2545530595948,1.13716734107584
10.194529836962,0,0,0,"high","C","D",5.47646587016061,8.99715590580651,5.28140825587003,10,8.45543978502974,3,3,13.9360003870409,8.21834300412002,2.42663489887491
3.6666153337195,0,1,0,"low","B","A",7.11743867723271,12.1982501266273,7.89000019051513,5,3.77029079943895,4,5,8.55217608080488,13.3569153941265,9.71103051677346
6.49347907745658,0,1,1,"high","B","B",3.88905099825934,12.8397569205934,12.147796266723,5,1.66043678531423,5,1,9.32542301003854,17.1522446898734,8.52232806384563
4.37931218176196,0,0,1,"low","B","D",1.00873126182705,10.0131961129791,11.3956447192693,7,1.89248028676957,3,3,15.0032959326381,8.79014051753563,3.96820490481332
-3.52700489494712,0,0,0,"low","D","B",9.27302088588476,8.94303308335045,7.07829308078712,3,8.56867816066369,5,4,10.1236555969498,11.1103256753312,4.80092798359692
8.85497436005337,0,1,0,"low","B","B",2.83232500310987,8.41091347259949,11.677653191405,6,3.37503234623,4,6,13.1145245366542,8.27412095879676,9.63110517244786
7.53133746332715,0,0,0,"moderate","A","C",5.9057315881364,12.2187676767244,2.702080763783,3,7.75028235046193,5,6,11.7629288000267,18.7576864214485,9.59673418896273
6.53965327066483,1,1,1,"high","A","D",1.10360604943708,6.80962775355156,8.97854521989357,1,0.690702020656317,7,4,9.5251012685631,6.76325563143436,8.07111313799396
1.77686082521442,0,0,1,"low","B","A",8.40507032116875,10.7386325306092,12.1390995845507,6,2.40949265658855,5,4,9.12374375532526,13.5354739878414,6.55493433121592
3.00351016235086,0,1,0,"moderate","D","B",3.17963684443384,9.13150190030706,8.02288784053262,6,2.4280183785595,4,6,5.74030310998235,12.6088083195371,7.58841523434967
-1.12704249576659,0,0,1,"low","D","D",7.82851336989552,3.20533193053617,9.89079213230054,2,3.87112989090383,9,6,3.58504592437458,12.7934989293955,7.10887209977955
4.88198239106334,0,1,1,"low","B","D",2.67508207354695,5.77344863178042,5.22014109541928,6,8.71805021073669,1,6,9.9324996852922,13.0740436827971,9.47762156371027
8.05041016606302,1,1,1,"low","B","C",2.18645284883678,12.7480579863777,12.5433783917433,6,9.67197048477829,7,3,10.8093128608748,11.8389251683149,9.81189090292901
7.44399429386918,0,0,0,"low","A","A",5.16796836396679,9.4261631483944,4.44883345401816,6,8.66916270926595,5,8,8.49109180290687,11.824570244435,0.558995229657739
10.4047499731766,0,1,1,"low","D","B",2.68950592027977,12.4098496484009,9.02904810492906,2,4.37715301522985,6,5,11.8924221711031,7.3213248692808,2.45401608990505
2.30935273240437,1,0,1,"high","B","D",1.81168327340856,15.6624233899258,9.23425566249048,3,1.91937792114913,7,3,11.4236956252497,11.3561068189512,2.70933811087161
1.677354615399,0,0,1,"moderate","B","D",5.18576137488708,14.4216435433274,10.1827636819202,3,0.822944045066833,4,6,8.97802281527069,8.87586307893478,9.09149555722252
13.9554420108413,1,0,1,"moderate","D","D",5.62782935798168,12.031805476939,7.52952511294337,1,5.83451637532562,2,2,10.1488046785664,18.5205554351138,3.77033542841673
1.48688062115528,1,1,0,"high","B","C",1.29156854469329,11.1398880597002,15.4891914545081,6,0.703614954836667,8,5,13.8857895725803,12.1971803597051,2.75055379373953
5.76131572439513,0,0,1,"moderate","A","D",2.56367604015395,9.421604720628,5.71025135265549,4,5.27662655804306,4,9,10.9438726148749,12.5215567847381,1.78230443736538
0.702110410282531,0,1,1,"high","A","D",7.17935275984928,14.7336753847132,10.7624114290138,4,4.72288285382092,6,3,12.404717511107,3.34104364795361,4.73112887702882
1.59911562647944,1,0,1,"low","D","D",9.61409936426207,11.7887023279554,1.18067891399205,3,0.481913706753403,2,5,11.4581766886974,6.01760865378371,3.98789879167452
6.71578074672292,1,0,0,"low","C","C",1.00140846567228,6.47926917738592,10.0072474268304,3,5.94540807651356,4,8,15.1766831699525,7.07001790556457,1.31660763407126
10.7083663809025,0,1,1,"low","A","C",7.63222689507529,9.53307239532904,11.5289967137858,3,7.91271215071902,5,3,10.3072985822524,8.23877238391128,0.186322373338044
-3.58756884315269,0,1,1,"low","B","B",9.47966354666278,4.24327053919048,6.74583999665812,3,5.98868683679029,4,5,7.03048877518199,8.29596155417219,6.21917463839054
-2.44662468536987,1,1,1,"high","A","B",8.18634688388556,9.41422346166809,12.1144989306327,3,0.279159292113036,5,3,8.61867637300334,11.9309228701786,0.782189560122788
6.00548724426277,0,0,0,"moderate","C","A",3.08292330708355,2.22301699016204,10.9929290499826,8,3.9572663186118,4,2,10.7129844759148,9.28807867733142,6.59957119962201
10.5429563373212,1,0,1,"high","C","B",6.49579460499808,13.9420065015942,12.9289824189291,4,1.06243964517489,5,4,9.19180820748728,9.10426592287994,7.29327719192952
1.16907881927514,1,0,1,"moderate","D","A",9.53355451114476,8.09337099690359,7.46998035880379,2,0.241113880183548,4,3,9.49133779103008,13.5686876776892,0.706880488432944
-0.137000720533912,1,0,1,"high","C","C",9.53732650028542,8.71006348391744,7.08826028541126,4,8.40897767804563,4,6,11.9946069197998,3.67317638842585,5.95424256520346
10.3663577274336,0,0,1,"low","C","C",3.39979203417897,9.49204500309411,4.68540595407121,5,3.2639992586337,6,5,7.67334725438396,9.78015398801361,0.907979032490402
7.29354539992532,1,1,1,"low","A","C",2.62474110117182,11.8366545219674,9.03258897506215,7,2.942976471968,3,4,4.24221660691227,12.5902086078212,9.03877213364467
6.78820197252493,0,1,1,"low","A","A",1.65453933179379,12.0350205316681,5.9835977729365,4,8.22897979756817,7,3,16.0579976189001,13.2241223843526,7.42082617245615
7.6256868770695,0,0,0,"low","B","A",3.22168056620285,11.703855917415,12.0644680844382,7,4.14347424637526,7,8,11.305631544607,9.38244210935201,3.68990367045626
4.86678849980968,0,0,1,"low","D","A",5.10125206550583,8.28237218822162,10.2138419567517,13,0.101712229661644,5,1,13.1505064964646,8.6991585026258,4.30677117081359
2.12282624568994,0,0,0,"low","B","B",9.23968471353874,5.91012623116498,16.5692570778375,3,0.524083885829896,5,5,9.0636554780488,9.45332864677558,3.50289170164615
13.8647082602641,1,0,1,"high","A","D",5.10959698352963,8.8338332669863,6.52687720209556,4,7.30370381381363,2,3,10.2808528519136,8.70676398106462,0.231301237363368
-0.00935741693199377,0,0,0,"moderate","B","B",2.57621260825545,10.8337423973516,13.545064192277,4,0.733949469868094,4,5,3.54043674824029,8.72617116870423,3.36816131835803
-7.31282208806642,0,0,1,"moderate","A","A",0.464608869515359,7.53075663528393,8.41789491517546,9,0.703566265292466,6,5,11.0739792130795,5.9385409707076,3.70525331003591
11.6929631345472,1,1,1,"moderate","D","A",4.1785625834018,9.79347719656461,5.63011596606773,6,6.37171967187896,0,5,11.4035944339884,9.41021515305335,1.68941826093942
1.50917718461261,1,0,1,"high","C","D",8.54001502273604,6.4970130216106,11.7189021114795,7,4.1330587095581,7,5,7.27993349537098,10.7023484104221,6.60289175575599
1.12152235588738,0,0,1,"high","C","D",3.47230677725747,9.97507295735318,5.69986688598338,8,4.30717830779031,2,4,8.41195025341975,8.32838111794267,5.98364592995495
4.60516539287305,1,0,1,"moderate","B","B",1.31442320533097,10.3865662047922,6.8344449444205,2,0.802463705185801,2,8,14.0307301505654,6.66002417519731,1.38477680506185
3.49021624514381,0,1,1,"high","B","A",3.74486864544451,9.56237311461699,7.80066436773414,5,2.77116678655148,7,4,11.4083021698704,5.1080937224193,1.19223107816651
2.25560059788083,0,0,0,"high","B","B",6.31420228397474,9.5082671297918,10.6327217927539,6,7.94071018928662,1,3,9.24068473674873,8.83652835561785,5.19206711556762
2.65448783963822,0,1,0,"moderate","B","C",3.90078933676705,15.2906560083548,7.00323781881697,2,0.910974657163024,4,8,11.1073111459853,15.1678960499069,6.89909308683127
13.2253883359367,1,1,1,"low","A","C",6.89627848798409,12.287759537255,13.2335509696169,6,2.76682177558541,7,3,5.95987842864767,8.32449909951748,2.60044680675492
6.82679793281313,1,0,0,"high","A","D",6.89413412474096,13.3342932421919,6.40307685247638,5,1.36255458230153,2,2,13.5158062768618,8.09001746173814,4.29477599216625
-2.04366672939846,0,1,1,"moderate","D","A",5.54900623159483,7.23037914151051,10.6499111055541,5,6.634760950692,4,3,4.27379096522111,18.3441614015676,9.18895782204345
5.26575003388973,0,0,1,"high","A","B",4.29624407785013,10.4930255152839,10.4292610893668,5,9.79130022460595,4,7,6.98682756812802,4.12823237081964,7.80751553596929
10.7605260591541,0,0,0,"low","B","C",4.52720062807202,13.4644755612918,6.80274972684106,1,2.11811334360391,6,7,12.0300625409773,10.427583689077,5.8243419136852
1.22897880994265,0,1,0,"moderate","B","C",3.06443258887157,9.83043572642053,8.71412976789466,9,3.72026984347031,4,4,13.4569652326511,11.9934963967709,8.93974649021402
-2.94815608317136,0,0,0,"low","A","D",5.78353944001719,3.61191805529605,8.03146156968596,11,1.18364716647193,4,3,4.80172024731008,8.56411752254525,7.20374052412808
0.0517898132181407,0,0,1,"low","C","D",9.10370304249227,11.0345372862984,12.8781829805728,6,7.80536147300154,4,7,11.8039265697582,13.5510687493659,3.38625693926588
3.25569464128415,1,1,1,"moderate","A","D",1.42604082124308,4.28513366324341,14.6681579083067,4,0.655782136600465,9,5,11.0249509422235,12.4163118739672,9.98751056613401
4.79520107443981,0,1,0,"high","A","C",4.15047625312582,7.56648954057935,6.87761069863526,4,7.83775092335418,6,5,9.89415697280284,10.159953273701,3.33700411953032
6.36969907945891,1,0,1,"low","C","A",2.10925750667229,13.9720129638988,12.7917172256207,2,1.23852211982012,8,10,8.12150494061281,6.49796075425179,8.62437467789277
6.68027989299247,0,0,0,"moderate","A","B",4.28750370861962,11.846910547908,9.77366220696343,4,7.77341672452167,9,2,7.43208637076175,10.9700504676026,4.81445814250037
-0.974786937084274,0,0,1,"high","B","C",1.32689975202084,13.2750068666061,4.09841395284712,8,3.6134907277301,6,2,10.4553335259214,9.03765093269755,4.09564045956358
9.41023325183492,0,0,1,"high","B","D",4.60096445865929,10.9198145845409,7.73228907206442,4,6.15930010797456,7,6,13.6191180815384,7.34214920769666,2.55079049849883
-4.8889270367145,0,1,1,"high","D","A",9.42957059247419,9.66952371255143,11.3834474815203,4,9.17042729211971,7,3,5.534266350392,10.4538345155141,3.20475823478773
6.71799590424016,0,1,1,"low","A","B",7.61973861604929,7.22706168061815,10.4353198931436,5,1.05220099911094,8,3,6.84887763079372,11.7380904161363,9.45486744167283
4.37183930889197,1,0,1,"moderate","A","D",9.32909828843549,14.7787412611576,2.67306603675573,5,7.15545793995261,7,4,14.9136223507258,9.76249952147059,6.62678283639252
10.6685704627499,1,1,0,"low","C","B",4.70678497571498,10.1350317943656,11.7409560563547,5,1.56366555485874,4,8,6.37799745639017,12.5463029059155,4.74615681683645
5.34584134919769,0,1,1,"low","C","C",6.03588067693636,7.85461479799635,11.9651559954602,3,2.61575721204281,8,2,2.1215347461917,2.4668995386029,3.39031583862379
13.4855274070845,1,0,0,"moderate","A","C",4.84989680582657,12.5956692991514,9.08647348822174,7,7.73791367653757,7,3,10.0523897984531,12.2154313431321,8.07529285782948
-2.0491020856987,0,0,1,"low","A","D",1.0880631650798,13.2233228748337,7.87729530214811,1,5.94759070547298,3,5,11.0325820821048,8.28701714406345,8.78708931850269
5.8510944311533,0,0,1,"low","C","A",2.47726832982153,15.6869643225957,15.9147160434347,6,0.953767166938633,3,1,10.0381595119964,10.859617049086,6.47424155846238
8.18755245342812,1,0,1,"low","B","A",4.98514530714601,8.19100808918472,9.73000395805675,4,1.58467933768407,9,1,7.37964960043311,13.4428595676622,7.86219180095941
8.32566363744027,1,1,0,"high","C","D",3.72866708086804,8.82739653783059,9.95794824420423,4,7.01090714894235,5,3,11.0284008530237,10.4186761062192,9.21566584846005
3.58934682901925,1,0,1,"low","B","B",9.34691370232031,8.75133390540942,6.62962918866954,7,2.69182726275176,2,4,9.46783673715257,10.2667798263963,6.48286033654585
9.68472883055301,0,1,0,"low","D","C",5.23986077867448,8.87302773153883,5.96760962987138,3,2.96830063685775,10,4,12.7642997637718,2.1095220490205,4.17213676963001
9.37573917100432,0,0,1,"low","D","B",3.17144671687856,8.90010716289293,5.43053268681374,5,5.62665292294696,1,3,10.9028332066286,6.34833750363443,6.31207889411598
7.40721246283252,1,0,1,"low","A","B",2.77966029476374,9.11296764189734,8.73409536885348,6,3.45176512375474,5,3,12.0801602581294,12.2474577365505,0.0370266754180193
4.79859486766885,1,0,1,"moderate","D","C",7.87540507735685,14.3254612305996,14.0827733922429,5,9.96363310841843,4,3,10.9764157188363,5.75220122766291,6.77430045325309
0.820188742907487,0,1,1,"high","A","A",7.02462512534112,7.90738512426088,15.2613845360046,5,2.14889628114179,4,4,11.2241530681866,9.66285201448698,7.28797588031739
8.31843614680871,0,0,1,"low","A","C",1.65027638664469,8.83549748223592,14.7050942030584,5,5.90747197624296,6,8,12.279526767673,10.9120960181287,4.78573855245486
-11.526964363669,0,0,1,"moderate","D","C",0.644575387705117,11.9576093565146,13.8902667098432,5,4.0899104741402,4,4,3.13853943864876,8.93796158515585,1.50652205571532
8.09335028566603,0,1,1,"low","A","C",7.54705621628091,13.3743173396054,9.28721124566916,6,5.39928927551955,6,6,11.5535147847654,7.44627253141164,6.35426214197651
8.78268125092191,1,0,0,"high","C","C",6.20410033036023,7.68366759092822,6.32754959295788,7,8.09806877514347,7,4,5.95829122514174,5.61648077449191,6.90543496515602
3.50761458020391,1,1,1,"moderate","C","A",1.69576766667888,8.47574135158514,9.01656195957979,4,0.106531432829797,6,9,11.089479576605,10.7927555386416,5.88214971125126
5.41192436626656,1,1,1,"low","A","D",0.622140523046255,11.5708617714941,2.76264917118325,9,6.74989556195214,10,6,13.9442576939748,4.2779261679482,1.65054999990389
2.79016188876812,1,0,1,"moderate","C","B",1.09029268613085,13.0532626796139,9.05862137966983,4,8.80181554006413,5,7,8.65508226727662,7.22430620130803,0.418248169589788
0.819420148368414,0,0,0,"high","C","B",3.81716351723298,9.24650623573607,14.9796361139371,3,4.08088765805587,6,2,7.57550659522225,9.66528612116572,4.62367153726518
5.68926115644898,1,0,1,"moderate","A","B",1.69310914585367,5.71001965783417,10.3928593018226,3,8.94052134593949,4,5,9.74119450288126,7.10429672370196,1.68274397030473
13.6113907613549,1,0,0,"high","D","A",2.98652542056516,15.1273630963026,13.2876660480688,9,8.07851313846186,4,7,14.7562728175625,9.51130322843988,2.89797398261726
7.02135258840526,1,0,1,"high","D","A",1.92209535045549,14.3052087169349,11.4680228708317,2,0.522684226743877,5,3,10.3031723445601,12.5805521648329,3.33899395307526
1.36698762393292,0,0,1,"high","C","D",2.57170021301135,7.86888656245036,7.66326911365404,3,9.51139469398186,10,5,10.4462866349589,10.0542963249319,4.02934171259403
2.31434055754311,0,0,1,"low","B","B",1.81231822818518,9.80479727903325,15.2306780587881,2,4.98940351651981,9,5,8.36069599556788,10.4117873675095,5.87705203564838
1.02100817287644,0,1,0,"high","C","C",4.77313709678128,4.72159379390221,9.7648381440068,5,4.97459183679894,3,5,8.41697323820765,14.7966582137439,2.56302893860266
-0.379946609828371,0,0,1,"moderate","C","B",7.70737042883411,11.7091689154573,7.07333862243236,3,2.01222010422498,4,5,9.58038532152385,9.66609745395865,7.52632672898471
-4.39024223956455,0,1,1,"high","C","B",0.277871224097908,14.8370403946054,10.2119794742157,5,6.80997319286689,8,1,5.23176575665046,10.8563676206983,1.62605638848618
8.17207457184921,1,0,1,"low","C","A",5.27310776989907,5.08815805868585,5.44420141353041,3,5.47304183710366,6,4,13.702312497063,4.04827031179984,6.33887702133507
-0.999951881430443,1,1,1,"low","C","B",8.80319068906829,7.66129446039476,12.591337098374,4,6.0957774030976,4,4,8.99363545500369,10.0922206543221,5.77854369999841
16.3229794496587,1,0,1,"low","C","D",3.73063371982425,8.07646919874831,11.5047051560931,4,3.08182996464893,6,2,3.99699247957039,7.71998534121342,8.43072306830436
1.42590036981707,0,0,0,"low","C","A",0.479591316543519,7.95660581928653,8.93565601105904,8,1.64061164716259,3,4,9.94762479178489,6.3279603474527,1.11892251996323
0.326439645913049,0,0,0,"high","B","C",1.38628246728331,3.90014321314615,8.53471333722643,2,8.47399726277217,8,7,9.27709931246916,13.0070999575941,1.71440947568044
-4.45546097263504,0,1,1,"moderate","C","C",3.21492120390758,11.5028906777437,12.8088818418781,3,1.77070725010708,8,7,4.62403180323243,9.93537573142348,3.87805648846552
1.36583490062151,0,0,1,"moderate","B","C",1.54831611318514,5.40460558010277,6.81277484073357,3,5.86210725829005,3,3,16.149074533681,12.8359640178527,4.11135312402621
0.672104398137487,0,1,0,"low","B","A",1.32228172151372,9.92500708216521,7.04853738488683,6,9.72556549590081,1,8,6.64834716546737,7.27452635140838,3.81956602213904
4.02856039195835,0,1,1,"high","D","C",2.21305927727371,11.7789541630759,11.2727436310602,9,5.34099313896149,4,2,5.93935136554708,2.79339331936978,0.145239024423063
3.59898213680795,0,0,1,"moderate","D","C",2.26380796171725,9.40541373554608,8.6460595583421,5,8.10916254529729,4,8,11.3539069330928,10.4888141425805,2.61534916236997
-3.01216780212723,0,0,0,"moderate","A","D",1.3141653384082,12.6760251774206,12.7752543901717,6,6.50906511116773,5,5,13.0996822745515,12.8296267919037,8.56154616456479
-0.996073821323137,0,0,1,"high","A","D",9.81563460314646,9.92285478724554,9.40413757056306,3,7.7098110713996,5,3,9.41234291465834,17.6338145806933,9.59319911664352
5.69156903004941,0,0,1,"low","A","C",3.27013726811856,8.05701864824301,13.5845530507012,5,0.345583152957261,4,4,10.6819311603422,12.6615728004801,2.47285005170852
8.21267300622557,0,1,1,"low","C","C",5.06939497077838,11.9390782451039,11.4866341155405,8,5.58660281123593,4,3,6.69340075003753,13.1813102994577,0.307835503481328
4.2543786938402,0,0,1,"low","A","D",6.8144251476042,8.69850177991123,3.26454227772108,5,1.20087367016822,5,7,12.865832105624,8.15275633299739,2.60124560911208
-1.33205358120776,0,1,1,"high","C","A",0.991691031958908,15.3178335549355,5.99388591874534,1,6.86299628112465,2,5,10.9384913377375,11.0585646442496,5.12438792502508
7.07839898846555,1,1,1,"moderate","A","B",1.18902558228001,9.94522086651097,13.8483256185331,3,9.14125661132857,4,4,10.3030171395974,8.57401561507457,9.66911087045446
3.4980760445119,1,0,1,"high","D","D",0.504396595060825,12.5584449808016,12.0723877125211,4,5.60349760344252,3,3,12.2443462428707,11.266169109441,1.13309500040486
4.3996703125772,1,1,1,"moderate","D","D",9.29253919748589,10.6154887097321,7.09881199642507,4,5.75576044851914,3,8,12.9968826843808,6.4493225373358,7.56413192953914
1.59885069204958,1,0,1,"low","A","B",6.73712232848629,0.975854203238558,5.96261894493968,2,5.1675015501678,2,2,7.80245407296053,8.84875124952372,0.899519557133317
2.27585813255862,1,1,1,"low","B","C",0.948578554671258,5.90166420601305,13.1009961679472,4,6.58048582263291,2,5,11.4426857203324,5.62100258292148,1.40876298537478
10.0201867769583,0,0,1,"low","C","B",4.92596120806411,8.72769321956556,7.56467062101084,5,5.88396580191329,10,7,7.03164907522793,10.1373196733948,4.81771796941757
5.70960102204235,1,1,1,"moderate","B","A",4.61551840649918,10.7104109912367,15.4051764358545,5,0.799245799425989,7,5,16.6886771450372,11.3573683414934,6.76956048002467
3.01242006825231,0,0,1,"high","D","C",3.75216530868784,2.97183063892312,15.3146258811382,5,1.56136253383011,1,5,11.3702097987666,10.1726976111294,9.85664874780923
-2.98290874965633,0,0,1,"moderate","A","C",9.91099219536409,12.8850899001421,5.63592589059283,5,9.85081367427483,5,4,9.89255366924603,8.08391844055396,1.27168807433918
7.0826055716278,1,0,1,"moderate","A","B",1.76350713707507,8.18672279843668,7.46303706227309,3,9.91829797392711,1,6,8.52867188074072,9.28395604508362,9.22500779852271
6.41540596323226,1,0,1,"high","A","B",8.13435208518058,7.74136816191126,6.24856102202746,9,2.947561906185,7,8,9.33830016645755,5.07129213529347,5.55134221212938
-0.139160119363627,1,0,1,"high","D","B",0.684466371312737,5.33316522236726,12.0018642037125,6,7.88712464505807,6,2,6.69637191764503,9.33227628713014,5.72697894880548
6.23869373552573,0,1,1,"low","A","B",4.0044974675402,5.63831878599683,6.12769093708711,4,6.86831065220758,1,4,10.1904114140712,4.67329464779837,8.9107434055768
